Beta,Mu,Initial_Ratio,MC_Rho,MMCA_Rho
0.0,0.1,0.05,0.0,0.0004638251919582739
0.02,0.1,0.05,0.45367374999999993,0.48657560162083097
0.04,0.1,0.05,0.66539,
0.06,0.1,0.05,0.75283625,
0.08,0.1,0.05,0.7973625000000001,
0.1,0.1,0.05,0.8270012499999999,
0.12,0.1,0.05,0.8451625,
0.14,0.1,0.05,0.8590625,
0.16,0.1,0.05,0.86781875,
0.18,0.1,0.05,0.8760249999999999,
0.2,0.1,0.05,0.88191,
0.22,0.1,0.05,0.887055,
0.24,0.1,0.05,0.8905012500000001,
0.26,0.1,0.05,0.89347125,
0.28,0.1,0.05,0.89592375,
0.3,0.1,0.05,0.8982337499999999,
0.32,0.1,0.05,0.9003725,
0.34,0.1,0.05,0.9010125000000001,
0.36,0.1,0.05,0.90227625,
0.38,0.1,0.05,0.9031187500000002,
0.4,0.1,0.05,0.9040712499999999,
0.42,0.1,0.05,0.90544,
0.44,0.1,0.05,0.9059162500000001,
0.46,0.1,0.05,0.90643125,
0.48,0.1,0.05,0.9065850000000001,
0.5,0.1,0.05,0.907105,
0.52,0.1,0.05,0.9073699999999999,
0.54,0.1,0.05,0.9074575,
0.56,0.1,0.05,0.9084,
0.58,0.1,0.05,0.908445,
0.6,0.1,0.05,0.90827875,
0.62,0.1,0.05,0.90856875,
0.64,0.1,0.05,0.90860625,
0.66,0.1,0.05,0.90890375,
0.68,0.1,0.05,0.90908875,
0.7000000000000001,0.1,0.05,0.9087212499999999,
0.72,0.1,0.05,0.9091825,
0.74,0.1,0.05,0.90861,
0.76,0.1,0.05,0.90871375,
0.78,0.1,0.05,0.90882875,
0.8,0.1,0.05,0.90887375,
0.8200000000000001,0.1,0.05,0.90914875,
0.84,0.1,0.05,0.90867875,
0.86,0.1,0.05,0.9092087499999999,
0.88,0.1,0.05,0.909555,
0.9,0.1,0.05,0.9093950000000001,
0.92,0.1,0.05,0.90900375,
0.9400000000000001,0.1,0.05,0.90932375,
0.96,0.1,0.05,0.9091612499999999,
0.98,0.1,0.05,0.90912625,
1.0,0.1,0.05,0.9085775000000001,
0.0,0.3,0.05,0.0,0.00014019554937128742
0.02,0.3,0.05,0.014450000000000003,0.07183755529112434
0.04,0.3,0.05,0.27462875,
0.06,0.3,0.05,0.41590875,
0.08,0.3,0.05,0.5044299999999999,
0.1,0.3,0.05,0.56235125,
0.12,0.3,0.05,0.60553125,
0.14,0.3,0.05,0.6353275,
0.16,0.3,0.05,0.6598700000000001,
0.18,0.3,0.05,0.6782587499999999,
0.2,0.3,0.05,0.69256125,
0.22,0.3,0.05,0.70338125,
0.24,0.3,0.05,0.713955,
0.26,0.3,0.05,0.7219787499999998,
0.28,0.3,0.05,0.7288724999999999,
0.3,0.3,0.05,0.73496125,
0.32,0.3,0.05,0.73928375,
0.34,0.3,0.05,0.74387625,
0.36,0.3,0.05,0.7470937499999999,
0.38,0.3,0.05,0.7496600000000001,
0.4,0.3,0.05,0.7530125000000001,
0.42,0.3,0.05,0.7542875000000001,
0.44,0.3,0.05,0.75691,
0.46,0.3,0.05,0.75873125,
0.48,0.3,0.05,0.7606900000000002,
0.5,0.3,0.05,0.7615725000000001,
0.52,0.3,0.05,0.7621925,
0.54,0.3,0.05,0.7629975,
0.56,0.3,0.05,0.76465625,
0.58,0.3,0.05,0.7648550000000001,
0.6,0.3,0.05,0.76599,
0.62,0.3,0.05,0.7666325,
0.64,0.3,0.05,0.76714125,
0.66,0.3,0.05,0.76709125,
0.68,0.3,0.05,0.76765625,
0.7000000000000001,0.3,0.05,0.7680512500000001,
0.72,0.3,0.05,0.767545,
0.74,0.3,0.05,0.7685175000000001,
0.76,0.3,0.05,0.76875625,
0.78,0.3,0.05,0.76869375,
0.8,0.3,0.05,0.76957,
0.8200000000000001,0.3,0.05,0.7684162499999999,
0.84,0.3,0.05,0.7688287500000002,
0.86,0.3,0.05,0.7690325,
0.88,0.3,0.05,0.7692725,
0.9,0.3,0.05,0.76929625,
0.92,0.3,0.05,0.768535,
0.9400000000000001,0.3,0.05,0.76837875,
0.96,0.3,0.05,0.7691925000000001,
0.98,0.3,0.05,0.7685575,
1.0,0.3,0.05,0.7688537500000001,
0.0,0.5,0.05,0.0,6.0813114311871474e-05
0.02,0.5,0.05,0.0,7.265517796143749e-05
0.04,0.5,0.05,0.0972775,0.13086436185019312
0.06,0.5,0.05,0.22042500000000004,
0.08,0.5,0.05,0.31514,
0.1,0.5,0.05,0.38304625000000003,
0.12,0.5,0.05,0.4348275,
0.14,0.5,0.05,0.47230125,
0.16,0.5,0.05,0.50457375,
0.18,0.5,0.05,0.52798125,
0.2,0.5,0.05,0.5490550000000001,
0.22,0.5,0.05,0.5660124999999999,
0.24,0.5,0.05,0.57989125,
0.26,0.5,0.05,0.5911624999999999,
0.28,0.5,0.05,0.6009349999999999,
0.3,0.5,0.05,0.60919625,
0.32,0.5,0.05,0.6177549999999999,
0.34,0.5,0.05,0.62380375,
0.36,0.5,0.05,0.6278325,
0.38,0.5,0.05,0.63349875,
0.4,0.5,0.05,0.6366700000000001,
0.42,0.5,0.05,0.6404675000000001,
0.44,0.5,0.05,0.64395375,
0.46,0.5,0.05,0.6472950000000001,
0.48,0.5,0.05,0.648935,
0.5,0.5,0.05,0.65074625,
0.52,0.5,0.05,0.65335375,
0.54,0.5,0.05,0.6545875000000001,
0.56,0.5,0.05,0.6559762500000003,
0.58,0.5,0.05,0.6575425,
0.6,0.5,0.05,0.6585362499999999,
0.62,0.5,0.05,0.65931,
0.64,0.5,0.05,0.660935,
0.66,0.5,0.05,0.66096625,
0.68,0.5,0.05,0.6618537499999999,
0.7000000000000001,0.5,0.05,0.66241625,
0.72,0.5,0.05,0.66337625,
0.74,0.5,0.05,0.6630912499999999,
0.76,0.5,0.05,0.66426375,
0.78,0.5,0.05,0.6645237500000001,
0.8,0.5,0.05,0.664845,
0.8200000000000001,0.5,0.05,0.6647325000000001,
0.84,0.5,0.05,0.6656974999999999,
0.86,0.5,0.05,0.6655062500000001,
0.88,0.5,0.05,0.66516875,
0.9,0.5,0.05,0.6656237500000001,
0.92,0.5,0.05,0.66641875,
0.9400000000000001,0.5,0.05,0.6659087500000002,
0.96,0.5,0.05,0.6655825,
0.98,0.5,0.05,0.6665925000000001,
1.0,0.5,0.05,0.666195,
0.0,0.7,0.05,0.0,3.3446602266930065e-05
0.02,0.7,0.05,0.0,2.152792584385625e-05
0.04,0.7,0.05,0.0,0.028969831326586117
0.06,0.7,0.05,0.11410125,
0.08,0.7,0.05,0.19525125,
0.1,0.7,0.05,0.260295,
0.12,0.7,0.05,0.31445875,
0.14,0.7,0.05,0.35546999999999995,
0.16,0.7,0.05,0.39153625000000003,
0.18,0.7,0.05,0.41828125,
0.2,0.7,0.05,0.44132374999999996,
0.22,0.7,0.05,0.46108625,
0.24,0.7,0.05,0.477445,
0.26,0.7,0.05,0.49156999999999995,
0.28,0.7,0.05,0.50343375,
0.3,0.7,0.05,0.51313375,
0.32,0.7,0.05,0.52231125,
0.34,0.7,0.05,0.53021,
0.36,0.7,0.05,0.53698875,
0.38,0.7,0.05,0.54264375,
0.4,0.7,0.05,0.54783125,
0.42,0.7,0.05,0.5518824999999999,
0.44,0.7,0.05,0.5562275,
0.46,0.7,0.05,0.5595325,
0.48,0.7,0.05,0.56241625,
0.5,0.7,0.05,0.56593125,
0.52,0.7,0.05,0.56732,
0.54,0.7,0.05,0.5705475,
0.56,0.7,0.05,0.5720087500000001,
0.58,0.7,0.05,0.574105,
0.6,0.7,0.05,0.57572625,
0.62,0.7,0.05,0.57669125,
0.64,0.7,0.05,0.57727875,
0.66,0.7,0.05,0.57948625,
0.68,0.7,0.05,0.58024375,
0.7000000000000001,0.7,0.05,0.58117625,
0.72,0.7,0.05,0.58139625,
0.74,0.7,0.05,0.5830275,
0.76,0.7,0.05,0.582965,
0.78,0.7,0.05,0.5839,
0.8,0.7,0.05,0.5846137499999999,
0.8200000000000001,0.7,0.05,0.5844849999999999,
0.84,0.7,0.05,0.5851075,
0.86,0.7,0.05,0.58605625,
0.88,0.7,0.05,0.5863387499999999,
0.9,0.7,0.05,0.5861125,
0.92,0.7,0.05,0.5862887499999999,
0.9400000000000001,0.7,0.05,0.586275,
0.96,0.7,0.05,0.5872075,
0.98,0.7,0.05,0.58722375,
1.0,0.7,0.05,0.5867675,
0.0,0.9,0.05,0.0,4.94254874434944e-05
0.02,0.9,0.05,0.0,1.0732796816988945e-05
0.04,0.9,0.05,0.0,6.878348345547403e-05
0.06,0.9,0.05,0.0030925,
0.08,0.9,0.05,0.1190025,
0.1,0.9,0.05,0.18114874999999997,
0.12,0.9,0.05,0.23035,
0.14,0.9,0.05,0.27274125,
0.16,0.9,0.05,0.30773125,
0.18,0.9,0.05,0.33696750000000003,
0.2,0.9,0.05,0.36315875,
0.22,0.9,0.05,0.38390375000000004,
0.24,0.9,0.05,0.40180625,
0.26,0.9,0.05,0.41706125,
0.28,0.9,0.05,0.4300037499999999,
0.3,0.9,0.05,0.44175624999999996,
0.32,0.9,0.05,0.45167999999999997,
0.34,0.9,0.05,0.4605012499999999,
0.36,0.9,0.05,0.4682125,
0.38,0.9,0.05,0.4745587500000001,
0.4,0.9,0.05,0.48072249999999994,
0.42,0.9,0.05,0.48583,
0.44,0.9,0.05,0.4897625,
0.46,0.9,0.05,0.49426500000000007,
0.48,0.9,0.05,0.49765249999999994,
0.5,0.9,0.05,0.5007787499999999,
0.52,0.9,0.05,0.50355625,
0.54,0.9,0.05,0.50599,
0.56,0.9,0.05,0.50832375,
0.58,0.9,0.05,0.5101375,
0.6,0.9,0.05,0.512005,
0.62,0.9,0.05,0.5133025,
0.64,0.9,0.05,0.51483,
0.66,0.9,0.05,0.5159712500000001,
0.68,0.9,0.05,0.5168025,
0.7000000000000001,0.9,0.05,0.51809875,
0.72,0.9,0.05,0.51870375,
0.74,0.9,0.05,0.51968875,
0.76,0.9,0.05,0.5203825000000001,
0.78,0.9,0.05,0.5208675,
0.8,0.9,0.05,0.521675,
0.8200000000000001,0.9,0.05,0.52201125,
0.84,0.9,0.05,0.522375,
0.86,0.9,0.05,0.52268125,
0.88,0.9,0.05,0.5234275,
0.9,0.9,0.05,0.523535,
0.92,0.9,0.05,0.52380375,
0.9400000000000001,0.9,0.05,0.52439,
0.96,0.9,0.05,0.52472125,
0.98,0.9,0.05,0.5248612500000001,
1.0,0.9,0.05,0.525205,
0.0,0.1,0.1,0.0,0.0004638332211481636
0.02,0.1,0.1,0.45734875,0.486632187185439
0.04,0.1,0.1,0.66490375,
0.06,0.1,0.1,0.7522187499999999,
0.08,0.1,0.1,0.79873,
0.1,0.1,0.1,0.8271312500000001,
0.12,0.1,0.1,0.84551875,
0.14,0.1,0.1,0.85737,
0.16,0.1,0.1,0.86803,
0.18,0.1,0.1,0.87682125,
0.2,0.1,0.1,0.88192375,
0.22,0.1,0.1,0.8870525,
0.24,0.1,0.1,0.8903,
0.26,0.1,0.1,0.89355125,
0.28,0.1,0.1,0.89579625,
0.3,0.1,0.1,0.89850375,
0.32,0.1,0.1,0.9001675,
0.34,0.1,0.1,0.9013450000000001,
0.36,0.1,0.1,0.9025587500000001,
0.38,0.1,0.1,0.9035137499999999,
0.4,0.1,0.1,0.9051262500000001,
0.42,0.1,0.1,0.9049200000000001,
0.44,0.1,0.1,0.9058674999999999,
0.46,0.1,0.1,0.90626125,
0.48,0.1,0.1,0.9065850000000001,
0.5,0.1,0.1,0.90706,
0.52,0.1,0.1,0.9075762500000001,
0.54,0.1,0.1,0.90792625,
0.56,0.1,0.1,0.90861,
0.58,0.1,0.1,0.9080462499999998,
0.6,0.1,0.1,0.9089025000000001,
0.62,0.1,0.1,0.9087149999999999,
0.64,0.1,0.1,0.90879875,
0.66,0.1,0.1,0.90849125,
0.68,0.1,0.1,0.90860625,
0.7000000000000001,0.1,0.1,0.90903375,
0.72,0.1,0.1,0.9083825,
0.74,0.1,0.1,0.9090487500000001,
0.76,0.1,0.1,0.9092162500000001,
0.78,0.1,0.1,0.9089075,
0.8,0.1,0.1,0.90903875,
0.8200000000000001,0.1,0.1,0.9087999999999999,
0.84,0.1,0.1,0.9087325000000002,
0.86,0.1,0.1,0.9083737500000001,
0.88,0.1,0.1,0.9090762499999999,
0.9,0.1,0.1,0.9091787500000001,
0.92,0.1,0.1,0.909005,
0.9400000000000001,0.1,0.1,0.9090287499999999,
0.96,0.1,0.1,0.9086425,
0.98,0.1,0.1,0.90875875,
1.0,0.1,0.1,0.9086574999999999,
0.0,0.3,0.1,0.0,0.00013821872072509485
0.02,0.3,0.1,0.00720375,0.07183736563732944
0.04,0.3,0.1,0.27793375000000003,
0.06,0.3,0.1,0.41829500000000003,
0.08,0.3,0.1,0.50349875,
0.1,0.3,0.1,0.5614349999999999,
0.12,0.3,0.1,0.6049025,
0.14,0.3,0.1,0.63530875,
0.16,0.3,0.1,0.6600387499999999,
0.18,0.3,0.1,0.6778375,
0.2,0.3,0.1,0.6927600000000002,
0.22,0.3,0.1,0.70353375,
0.24,0.3,0.1,0.7143550000000001,
0.26,0.3,0.1,0.7222624999999999,
0.28,0.3,0.1,0.7291562500000001,
0.3,0.3,0.1,0.7342449999999999,
0.32,0.3,0.1,0.73844,
0.34,0.3,0.1,0.7430987499999999,
0.36,0.3,0.1,0.74663375,
0.38,0.3,0.1,0.75025125,
0.4,0.3,0.1,0.75210875,
0.42,0.3,0.1,0.75494625,
0.44,0.3,0.1,0.7567725,
0.46,0.3,0.1,0.7587412499999999,
0.48,0.3,0.1,0.76037375,
0.5,0.3,0.1,0.7612275,
0.52,0.3,0.1,0.7619849999999999,
0.54,0.3,0.1,0.7632612499999999,
0.56,0.3,0.1,0.7644274999999999,
0.58,0.3,0.1,0.7650925,
0.6,0.3,0.1,0.76634,
0.62,0.3,0.1,0.7661875,
0.64,0.3,0.1,0.76673625,
0.66,0.3,0.1,0.7672675,
0.68,0.3,0.1,0.7670025000000001,
0.7000000000000001,0.3,0.1,0.76784,
0.72,0.3,0.1,0.76773625,
0.74,0.3,0.1,0.76800125,
0.76,0.3,0.1,0.76894875,
0.78,0.3,0.1,0.7685412500000001,
0.8,0.3,0.1,0.76851375,
0.8200000000000001,0.3,0.1,0.7685124999999999,
0.84,0.3,0.1,0.7687687500000001,
0.86,0.3,0.1,0.76884375,
0.88,0.3,0.1,0.76856375,
0.9,0.3,0.1,0.769205,
0.92,0.3,0.1,0.76958625,
0.9400000000000001,0.3,0.1,0.7694437500000001,
0.96,0.3,0.1,0.7693937500000001,
0.98,0.3,0.1,0.7690524999999999,
1.0,0.3,0.1,0.7698625,
0.0,0.5,0.1,0.0,6.174202132534712e-05
0.02,0.5,0.1,0.0,7.316816988019791e-05
0.04,0.5,0.1,0.09987625,0.1308302138187003
0.06,0.5,0.1,0.2174425,
0.08,0.5,0.1,0.31438875,
0.1,0.5,0.1,0.38207875,
0.12,0.5,0.1,0.43317875,
0.14,0.5,0.1,0.47430999999999995,
0.16,0.5,0.1,0.5048475,
0.18,0.5,0.1,0.52956375,
0.2,0.5,0.1,0.54846125,
0.22,0.5,0.1,0.56641125,
0.24,0.5,0.1,0.5797775000000001,
0.26,0.5,0.1,0.591475,
0.28,0.5,0.1,0.6019025,
0.3,0.5,0.1,0.60868625,
0.32,0.5,0.1,0.61776,
0.34,0.5,0.1,0.62296875,
0.36,0.5,0.1,0.62930875,
0.38,0.5,0.1,0.63281625,
0.4,0.5,0.1,0.637625,
0.42,0.5,0.1,0.6401275000000001,
0.44,0.5,0.1,0.6432687500000001,
0.46,0.5,0.1,0.64603875,
0.48,0.5,0.1,0.64897625,
0.5,0.5,0.1,0.65158875,
0.52,0.5,0.1,0.653185,
0.54,0.5,0.1,0.6544300000000001,
0.56,0.5,0.1,0.6558337499999999,
0.58,0.5,0.1,0.6572575,
0.6,0.5,0.1,0.65834,
0.62,0.5,0.1,0.6589525,
0.64,0.5,0.1,0.6605775,
0.66,0.5,0.1,0.6612375,
0.68,0.5,0.1,0.661785,
0.7000000000000001,0.5,0.1,0.66292125,
0.72,0.5,0.1,0.6637112500000001,
0.74,0.5,0.1,0.66353375,
0.76,0.5,0.1,0.6639962500000002,
0.78,0.5,0.1,0.6643025,
0.8,0.5,0.1,0.663895,
0.8200000000000001,0.5,0.1,0.66476125,
0.84,0.5,0.1,0.66484875,
0.86,0.5,0.1,0.66535375,
0.88,0.5,0.1,0.6654075,
0.9,0.5,0.1,0.6659212499999998,
0.92,0.5,0.1,0.66666625,
0.9400000000000001,0.5,0.1,0.6656850000000002,
0.96,0.5,0.1,0.66598,
0.98,0.5,0.1,0.6664387500000001,
1.0,0.5,0.1,0.6665562500000002,
0.0,0.7,0.1,0.0,3.266055459260862e-05
0.02,0.7,0.1,0.0,2.146396209492513e-05
0.04,0.7,0.1,0.0,0.028968505573803992
0.06,0.7,0.1,0.11275750000000001,
0.08,0.7,0.1,0.19477375000000002,
0.1,0.7,0.1,0.26211,
0.12,0.7,0.1,0.312485,
0.14,0.7,0.1,0.35451374999999996,
0.16,0.7,0.1,0.39022625000000005,
0.18,0.7,0.1,0.41927375,
0.2,0.7,0.1,0.44193250000000006,
0.22,0.7,0.1,0.4603475,
0.24,0.7,0.1,0.4774662499999999,
0.26,0.7,0.1,0.49220125,
0.28,0.7,0.1,0.5029,
0.3,0.7,0.1,0.513295,
0.32,0.7,0.1,0.5227200000000001,
0.34,0.7,0.1,0.5305225,
0.36,0.7,0.1,0.5364387500000001,
0.38,0.7,0.1,0.54228625,
0.4,0.7,0.1,0.5478787500000001,
0.42,0.7,0.1,0.5521625,
0.44,0.7,0.1,0.5559075,
0.46,0.7,0.1,0.55926625,
0.48,0.7,0.1,0.5626525,
0.5,0.7,0.1,0.56483625,
0.52,0.7,0.1,0.5678475000000001,
0.54,0.7,0.1,0.56974375,
0.56,0.7,0.1,0.57196875,
0.58,0.7,0.1,0.5737162499999999,
0.6,0.7,0.1,0.5749875,
0.62,0.7,0.1,0.5768274999999999,
0.64,0.7,0.1,0.57830625,
0.66,0.7,0.1,0.57956125,
0.68,0.7,0.1,0.5804825,
0.7000000000000001,0.7,0.1,0.58089,
0.72,0.7,0.1,0.5817,
0.74,0.7,0.1,0.58273625,
0.76,0.7,0.1,0.5831337499999999,
0.78,0.7,0.1,0.58427,
0.8,0.7,0.1,0.584045,
0.8200000000000001,0.7,0.1,0.58441375,
0.84,0.7,0.1,0.58490625,
0.86,0.7,0.1,0.58580625,
0.88,0.7,0.1,0.5861037499999999,
0.9,0.7,0.1,0.58622,
0.92,0.7,0.1,0.58650375,
0.9400000000000001,0.7,0.1,0.5871424999999999,
0.96,0.7,0.1,0.5869024999999999,
0.98,0.7,0.1,0.5872574999999999,
1.0,0.7,0.1,0.58744,
0.0,0.9,0.1,0.0,5.162275684294283e-05
0.02,0.9,0.1,0.0,1.0464870960651335e-05
0.04,0.9,0.1,0.0,6.878674607103342e-05
0.06,0.9,0.1,0.04799875,
0.08,0.9,0.1,0.119285,
0.1,0.9,0.1,0.17983375000000001,
0.12,0.9,0.1,0.23009125,
0.14,0.9,0.1,0.27314750000000004,
0.16,0.9,0.1,0.30692375,
0.18,0.9,0.1,0.33766999999999997,
0.2,0.9,0.1,0.36239375,
0.22,0.9,0.1,0.383455,
0.24,0.9,0.1,0.40044375000000004,
0.26,0.9,0.1,0.41700125,
0.28,0.9,0.1,0.4299225,
0.3,0.9,0.1,0.4413375,
0.32,0.9,0.1,0.45171,
0.34,0.9,0.1,0.4597775,
0.36,0.9,0.1,0.46834875,
0.38,0.9,0.1,0.47425875000000006,
0.4,0.9,0.1,0.48085875,
0.42,0.9,0.1,0.48584999999999995,
0.44,0.9,0.1,0.49032,
0.46,0.9,0.1,0.49421875,
0.48,0.9,0.1,0.49787000000000003,
0.5,0.9,0.1,0.50091875,
0.52,0.9,0.1,0.50381,
0.54,0.9,0.1,0.5061950000000001,
0.56,0.9,0.1,0.50783875,
0.58,0.9,0.1,0.5099962499999999,
0.6,0.9,0.1,0.51192,
0.62,0.9,0.1,0.513485,
0.64,0.9,0.1,0.51462375,
0.66,0.9,0.1,0.5158625000000001,
0.68,0.9,0.1,0.5169075,
0.7000000000000001,0.9,0.1,0.5181275,
0.72,0.9,0.1,0.5188225,
0.74,0.9,0.1,0.5197825,
0.76,0.9,0.1,0.5205075000000001,
0.78,0.9,0.1,0.5211837500000001,
0.8,0.9,0.1,0.5212600000000001,
0.8200000000000001,0.9,0.1,0.52201,
0.84,0.9,0.1,0.52250875,
0.86,0.9,0.1,0.523035,
0.88,0.9,0.1,0.5233975000000001,
0.9,0.9,0.1,0.52374125,
0.92,0.9,0.1,0.5242450000000001,
0.9400000000000001,0.9,0.1,0.52441,
0.96,0.9,0.1,0.52460375,
0.98,0.9,0.1,0.5248675,
1.0,0.9,0.1,0.5254075,
0.0,0.1,0.2,0.0,0.00047832141350964626
0.02,0.1,0.2,0.4501475,0.48662751224399703
0.04,0.1,0.2,0.6659425,
0.06,0.1,0.2,0.7515474999999999,
0.08,0.1,0.2,0.7985925,
0.1,0.1,0.2,0.82621375,
0.12,0.1,0.2,0.8455512500000001,
0.14,0.1,0.2,0.85856875,
0.16,0.1,0.2,0.86859875,
0.18,0.1,0.2,0.8765649999999999,
0.2,0.1,0.2,0.8819887500000001,
0.22,0.1,0.2,0.8868312500000001,
0.24,0.1,0.2,0.89046375,
0.26,0.1,0.2,0.89373875,
0.28,0.1,0.2,0.8962800000000002,
0.3,0.1,0.2,0.8979349999999999,
0.32,0.1,0.2,0.8992987500000001,
0.34,0.1,0.2,0.90176625,
0.36,0.1,0.2,0.9029824999999999,
0.38,0.1,0.2,0.90406875,
0.4,0.1,0.2,0.9046150000000001,
0.42,0.1,0.2,0.9054300000000001,
0.44,0.1,0.2,0.9055000000000001,
0.46,0.1,0.2,0.9065062500000001,
0.48,0.1,0.2,0.90700125,
0.5,0.1,0.2,0.9066974999999999,
0.52,0.1,0.2,0.9074025,
0.54,0.1,0.2,0.9078525,
0.56,0.1,0.2,0.9077875,
0.58,0.1,0.2,0.9083574999999999,
0.6,0.1,0.2,0.9084825000000001,
0.62,0.1,0.2,0.9085675000000001,
0.64,0.1,0.2,0.9086325000000001,
0.66,0.1,0.2,0.9084037500000001,
0.68,0.1,0.2,0.908695,
0.7000000000000001,0.1,0.2,0.90887625,
0.72,0.1,0.2,0.9090475000000001,
0.74,0.1,0.2,0.90880875,
0.76,0.1,0.2,0.9096975,
0.78,0.1,0.2,0.9086600000000001,
0.8,0.1,0.2,0.9087299999999999,
0.8200000000000001,0.1,0.2,0.90893,
0.84,0.1,0.2,0.90840875,
0.86,0.1,0.2,0.90898125,
0.88,0.1,0.2,0.9091887499999999,
0.9,0.1,0.2,0.90960125,
0.92,0.1,0.2,0.9091512500000002,
0.9400000000000001,0.1,0.2,0.90877625,
0.96,0.1,0.2,0.90914375,
0.98,0.1,0.2,0.9091887500000001,
1.0,0.1,0.2,0.90884625,
0.0,0.3,0.2,0.0,0.00013425440724079335
0.02,0.3,0.2,0.0023075,0.07183693525837366
0.04,0.3,0.2,0.27837999999999996,
0.06,0.3,0.2,0.4187825,
0.08,0.3,0.2,0.50434,
0.1,0.3,0.2,0.56189,
0.12,0.3,0.2,0.6040012499999999,
0.14,0.3,0.2,0.63357375,
0.16,0.3,0.2,0.66096625,
0.18,0.3,0.2,0.676215,
0.2,0.3,0.2,0.69231375,
0.22,0.3,0.2,0.7035775,
0.24,0.3,0.2,0.7130675,
0.26,0.3,0.2,0.7217474999999999,
0.28,0.3,0.2,0.7280199999999999,
0.3,0.3,0.2,0.7344624999999999,
0.32,0.3,0.2,0.7394925000000001,
0.34,0.3,0.2,0.7432849999999999,
0.36,0.3,0.2,0.7462199999999999,
0.38,0.3,0.2,0.7498025000000001,
0.4,0.3,0.2,0.7520587500000001,
0.42,0.3,0.2,0.75454375,
0.44,0.3,0.2,0.75652375,
0.46,0.3,0.2,0.7589087499999999,
0.48,0.3,0.2,0.7601137499999999,
0.5,0.3,0.2,0.76130625,
0.52,0.3,0.2,0.7628012500000001,
0.54,0.3,0.2,0.763585,
0.56,0.3,0.2,0.7654025000000001,
0.58,0.3,0.2,0.76471125,
0.6,0.3,0.2,0.7654875,
0.62,0.3,0.2,0.7668562499999999,
0.64,0.3,0.2,0.7668537500000001,
0.66,0.3,0.2,0.76679125,
0.68,0.3,0.2,0.7672924999999999,
0.7000000000000001,0.3,0.2,0.7676725000000001,
0.72,0.3,0.2,0.76783625,
0.74,0.3,0.2,0.76772875,
0.76,0.3,0.2,0.7689199999999999,
0.78,0.3,0.2,0.76873125,
0.8,0.3,0.2,0.76879375,
0.8200000000000001,0.3,0.2,0.76937,
0.84,0.3,0.2,0.7683074999999999,
0.86,0.3,0.2,0.7688512499999999,
0.88,0.3,0.2,0.7684875,
0.9,0.3,0.2,0.7685050000000001,
0.92,0.3,0.2,0.76912625,
0.9400000000000001,0.3,0.2,0.76905125,
0.96,0.3,0.2,0.7692237499999999,
0.98,0.3,0.2,0.769345,
1.0,0.3,0.2,0.7684037499999999,
0.0,0.5,0.2,0.0,5.9567301527756716e-05
0.02,0.5,0.2,0.0,7.270326249004139e-05
0.04,0.5,0.2,0.0979375,0.13086553792806138
0.06,0.5,0.2,0.22471625000000003,
0.08,0.5,0.2,0.3161375,
0.1,0.5,0.2,0.38432625000000004,
0.12,0.5,0.2,0.4347225,
0.14,0.5,0.2,0.47356750000000003,
0.16,0.5,0.2,0.50486875,
0.18,0.5,0.2,0.5292887500000001,
0.2,0.5,0.2,0.54982,
0.22,0.5,0.2,0.5658887499999999,
0.24,0.5,0.2,0.5798662499999999,
0.26,0.5,0.2,0.59107,
0.28,0.5,0.2,0.6018275,
0.3,0.5,0.2,0.60950625,
0.32,0.5,0.2,0.6171662499999999,
0.34,0.5,0.2,0.6238112499999999,
0.36,0.5,0.2,0.62801625,
0.38,0.5,0.2,0.633,
0.4,0.5,0.2,0.6368875,
0.42,0.5,0.2,0.64030625,
0.44,0.5,0.2,0.6441899999999999,
0.46,0.5,0.2,0.6458812500000001,
0.48,0.5,0.2,0.64900875,
0.5,0.5,0.2,0.65079125,
0.52,0.5,0.2,0.6529312500000001,
0.54,0.5,0.2,0.6542074999999999,
0.56,0.5,0.2,0.6565100000000001,
0.58,0.5,0.2,0.65792125,
0.6,0.5,0.2,0.6582124999999999,
0.62,0.5,0.2,0.6593675,
0.64,0.5,0.2,0.6602912500000001,
0.66,0.5,0.2,0.6610325,
0.68,0.5,0.2,0.66194375,
0.7000000000000001,0.5,0.2,0.6623625,
0.72,0.5,0.2,0.66257375,
0.74,0.5,0.2,0.6637237500000001,
0.76,0.5,0.2,0.6644137499999999,
0.78,0.5,0.2,0.664365,
0.8,0.5,0.2,0.66473875,
0.8200000000000001,0.5,0.2,0.6652275,
0.84,0.5,0.2,0.66501125,
0.86,0.5,0.2,0.66557,
0.88,0.5,0.2,0.6656075000000001,
0.9,0.5,0.2,0.6658662500000001,
0.92,0.5,0.2,0.6663062500000001,
0.9400000000000001,0.5,0.2,0.66643125,
0.96,0.5,0.2,0.66602625,
0.98,0.5,0.2,0.6660662500000001,
1.0,0.5,0.2,0.6659075000000001,
0.0,0.7,0.2,0.0,3.261051468920512e-05
0.02,0.7,0.2,0.0,2.1577081351341198e-05
0.04,0.7,0.2,0.0,0.028967269075004565
0.06,0.7,0.2,0.11072624999999998,
0.08,0.7,0.2,0.19425375000000003,
0.1,0.7,0.2,0.26117625000000005,
0.12,0.7,0.2,0.31538,
0.14,0.7,0.2,0.35587874999999997,
0.16,0.7,0.2,0.39083249999999997,
0.18,0.7,0.2,0.4185875,
0.2,0.7,0.2,0.44091875,
0.22,0.7,0.2,0.46168125,
0.24,0.7,0.2,0.47770875,
0.26,0.7,0.2,0.49100125,
0.28,0.7,0.2,0.50341375,
0.3,0.7,0.2,0.5140662500000001,
0.32,0.7,0.2,0.52274375,
0.34,0.7,0.2,0.5299012500000001,
0.36,0.7,0.2,0.5368025,
0.38,0.7,0.2,0.5424375,
0.4,0.7,0.2,0.54791,
0.42,0.7,0.2,0.5522125,
0.44,0.7,0.2,0.55656625,
0.46,0.7,0.2,0.55961125,
0.48,0.7,0.2,0.5628437500000001,
0.5,0.7,0.2,0.5659112500000001,
0.52,0.7,0.2,0.5676875,
0.54,0.7,0.2,0.5701025,
0.56,0.7,0.2,0.571745,
0.58,0.7,0.2,0.5738537499999999,
0.6,0.7,0.2,0.57560625,
0.62,0.7,0.2,0.5763112499999999,
0.64,0.7,0.2,0.57791375,
0.66,0.7,0.2,0.5791875000000001,
0.68,0.7,0.2,0.5803425,
0.7000000000000001,0.7,0.2,0.5809199999999999,
0.72,0.7,0.2,0.58234875,
0.74,0.7,0.2,0.5824675,
0.76,0.7,0.2,0.58269125,
0.78,0.7,0.2,0.5838862499999999,
0.8,0.7,0.2,0.5842175000000001,
0.8200000000000001,0.7,0.2,0.58458625,
0.84,0.7,0.2,0.58476875,
0.86,0.7,0.2,0.5859599999999999,
0.88,0.7,0.2,0.5856075,
0.9,0.7,0.2,0.5859362499999999,
0.92,0.7,0.2,0.58691625,
0.9400000000000001,0.7,0.2,0.5863674999999999,
0.96,0.7,0.2,0.5871737499999999,
0.98,0.7,0.2,0.5869199999999999,
1.0,0.7,0.2,0.58767875,
0.0,0.9,0.2,0.0,4.9634191927208595e-05
0.02,0.9,0.2,0.0,1.0450528259032337e-05
0.04,0.9,0.2,0.0,6.983617562841493e-05
0.06,0.9,0.2,0.0477725,
0.08,0.9,0.2,0.11846875000000001,
0.1,0.9,0.2,0.17929375,
0.12,0.9,0.2,0.23164125,
0.14,0.9,0.2,0.27149,
0.16,0.9,0.2,0.3083225,
0.18,0.9,0.2,0.337905,
0.2,0.9,0.2,0.36307249999999996,
0.22,0.9,0.2,0.38281750000000003,
0.24,0.9,0.2,0.4016225,
0.26,0.9,0.2,0.41667625,
0.28,0.9,0.2,0.43058499999999994,
0.3,0.9,0.2,0.44216625,
0.32,0.9,0.2,0.45158875000000004,
0.34,0.9,0.2,0.4602425,
0.36,0.9,0.2,0.46789625,
0.38,0.9,0.2,0.47492625000000005,
0.4,0.9,0.2,0.48036,
0.42,0.9,0.2,0.4857125,
0.44,0.9,0.2,0.49035624999999994,
0.46,0.9,0.2,0.49424250000000003,
0.48,0.9,0.2,0.4972825,
0.5,0.9,0.2,0.50074625,
0.52,0.9,0.2,0.503725,
0.54,0.9,0.2,0.5063975,
0.56,0.9,0.2,0.50800375,
0.58,0.9,0.2,0.5101375,
0.6,0.9,0.2,0.51174875,
0.62,0.9,0.2,0.51328125,
0.64,0.9,0.2,0.51472375,
0.66,0.9,0.2,0.5160425,
0.68,0.9,0.2,0.5172225,
0.7000000000000001,0.9,0.2,0.51819125,
0.72,0.9,0.2,0.51884375,
0.74,0.9,0.2,0.5195000000000001,
0.76,0.9,0.2,0.52036375,
0.78,0.9,0.2,0.52091,
0.8,0.9,0.2,0.521725,
0.8200000000000001,0.9,0.2,0.5219462500000001,
0.84,0.9,0.2,0.52263125,
0.86,0.9,0.2,0.52292375,
0.88,0.9,0.2,0.5233612500000001,
0.9,0.9,0.2,0.52369375,
0.92,0.9,0.2,0.52395625,
0.9400000000000001,0.9,0.2,0.5244075000000001,
0.96,0.9,0.2,0.52462125,
0.98,0.9,0.2,0.52459625,
1.0,0.9,0.2,0.52534125,
